Keyword,Volume,Group
phí giao dịch chứng khoán,590,phí giao dịch chứng khoán
phí giao dịch chứng khoán vps,170,phí giao dịch chứng khoán
phí giao dịch chứng khoán ssi,140,phí giao dịch chứng khoán
phí giao dịch chứng khoán tcbs,140,phí giao dịch chứng khoán
phí giao dịch chứng khoán mbs,110,phí giao dịch chứng khoán
phí giao dịch chứng khoán vcbs,110,phí giao dịch chứng khoán
phí giao dịch chứng khoán vndirect,110,phí giao dịch chứng khoán
so sánh phí giao dịch chứng khoán,110,phí giao dịch chứng khoán
phí giao dịch chứng khoán rẻ nhất,90,phí giao dịch chứng khoán
phí giao dịch của các công ty chứng khoán,50,phí giao dịch chứng khoán
phí giao dịch chứng khoán fpt,40,phí giao dịch chứng khoán
phí giao dịch các công ty chứng khoán,40,phí giao dịch chứng khoán
biểu phí giao dịch chứng khoán vndirect,30,phí giao dịch chứng khoán
các loại phí giao dịch chứng khoán,30,phí giao dịch chứng khoán
các loại phí phải trả khi giao dịch chứng khoán,30,phí giao dịch chứng khoán
phí giao dịch chứng khoán acbs,30,phí giao dịch chứng khoán
phí giao dịch chứng khoán bidv,30,phí giao dịch chứng khoán
phí giao dịch chứng khoán vietcombank,30,phí giao dịch chứng khoán
phí giao dịch chứng khoán vnd,30,phí giao dịch chứng khoán
phí giao dịch chứng khoán vpbank,30,phí giao dịch chứng khoán
phí trả sở giao dịch chứng khoán,30,phí giao dịch chứng khoán
phí và thuế giao dịch chứng khoán,30,phí giao dịch chứng khoán
so sánh biểu phí giao dịch chứng khoán,30,phí giao dịch chứng khoán
tính phí giao dịch chứng khoán,30,phí giao dịch chứng khoán
biểu phí giao dịch chứng khoán,20,phí giao dịch chứng khoán
biểu phí giao dịch chứng khoán ssi,20,phí giao dịch chứng khoán
biểu phí giao dịch chứng khoán tcbs,20,phí giao dịch chứng khoán
biểu phí giao dịch chứng khoán techcombank,20,phí giao dịch chứng khoán
biểu phí giao dịch chứng khoán vcbs,20,phí giao dịch chứng khoán
biểu phí giao dịch các công ty chứng khoán,20,phí giao dịch chứng khoán
biểu phí giao dịch của các công ty chứng khoán,20,phí giao dịch chứng khoán
các công ty chứng khoán miễn phí giao dịch,20,phí giao dịch chứng khoán
các loại phí trong giao dịch chứng khoán,20,phí giao dịch chứng khoán
cách tính phí giao dịch chứng khoán,20,phí giao dịch chứng khoán
công ty chứng khoán miễn phí giao dịch,20,phí giao dịch chứng khoán
công ty chứng khoán phí giao dịch thấp nhất,20,phí giao dịch chứng khoán
giao dịch chứng khoán có mất phí không,20,phí giao dịch chứng khoán
miễn phí giao dịch chứng khoán,20,phí giao dịch chứng khoán
mức phí giao dịch chứng khoán,20,phí giao dịch chứng khoán
phí giao dịch chứng khoán agriseco,20,phí giao dịch chứng khoán
phí giao dịch chứng khoán bsc,20,phí giao dịch chứng khoán
phí giao dịch chứng khoán bản việt,20,phí giao dịch chứng khoán
phí giao dịch chứng khoán bảo việt,20,phí giao dịch chứng khoán
phí giao dịch chứng khoán cts,20,phí giao dịch chứng khoán
phí giao dịch chứng khoán công ty nào thấp nhất,20,phí giao dịch chứng khoán
phí giao dịch chứng khoán của techcombank,20,phí giao dịch chứng khoán
phí giao dịch chứng khoán của vndirect,20,phí giao dịch chứng khoán
phí giao dịch chứng khoán fpts,20,phí giao dịch chứng khoán
phí giao dịch chứng khoán hsc,20,phí giao dịch chứng khoán
phí giao dịch chứng khoán kis,20,phí giao dịch chứng khoán
phí giao dịch chứng khoán maybank,20,phí giao dịch chứng khoán
phí giao dịch chứng khoán phái sinh,20,phí giao dịch chứng khoán
phí giao dịch chứng khoán phái sinh fpts,20,phí giao dịch chứng khoán
phí giao dịch chứng khoán phái sinh ssi,20,phí giao dịch chứng khoán
phí giao dịch chứng khoán rồng việt,20,phí giao dịch chứng khoán
phí giao dịch chứng khoán techcombank,20,phí giao dịch chứng khoán
phí giao dịch chứng khoán thấp nhất,20,phí giao dịch chứng khoán
phí giao dịch chứng khoán tại tcbs,20,phí giao dịch chứng khoán
phí giao dịch công ty chứng khoán nào thấp nhất,20,phí giao dịch chứng khoán
phí giao dịch mua bán chứng khoán,20,phí giao dịch chứng khoán
thuế và phí khi giao dịch chứng khoán,20,phí giao dịch chứng khoán
vps miễn phí giao dịch chứng khoán,20,phí giao dịch chứng khoán
phí lưu ký chứng khoán,,phí lưu ký chứng khoán
cách tính phí lưu ký chứng khoán,,phí lưu ký chứng khoán
phí lưu ký chứng khoán ssi,,phí lưu ký chứng khoán
phí lưu ký chứng khoán tcbs,,phí lưu ký chứng khoán
phí lưu ký chứng khoán vcbs,,phí lưu ký chứng khoán
phí lưu ký chứng khoán vndirect,,phí lưu ký chứng khoán
phí lưu ký chứng khoán vps,,phí lưu ký chứng khoán